productSeq,category,subcategory,color,displayName,primaryFilename,primaryImageUrl,secondaryFilename,secondaryImageUrl,secondaryViewType,attributes_json
1,tshirts,crew-neck,cream,Cream Crew Neck Tshirts,tshirt_cream_relaxed-fit_organic-cotton_01.png,/static/img/tshirt_cream_relaxed-fit_organic-cotton_01.png,tshirt_cream_relaxed-fit_organic-cotton_01_back.png,/static/img/tshirt_cream_relaxed-fit_organic-cotton_01_back.png,back,"{""fit"":""relaxed-fit"",""fabric"":""organic cotton""}"
2,tshirts,crew-neck,white,White Crew Neck Tshirts,tshirt_white_slim-fit_pima-cotton_02.png,/static/img/tshirt_white_slim-fit_pima-cotton_02.png,tshirt_white_slim-fit_pima-cotton_02_back.png,/static/img/tshirt_white_slim-fit_pima-cotton_02_back.png,back,"{""fit"":""slim-fit"",""fabric"":""pima cotton""}"
3,tshirts,crew-neck,off white,Off White Crew Neck Tshirts,tshirt_off-white_regular-fit_cotton-modal_03.png,/static/img/tshirt_off-white_regular-fit_cotton-modal_03.png,tshirt_off-white_regular-fit_cotton-modal_03_back.png,/static/img/tshirt_off-white_regular-fit_cotton-modal_03_back.png,back,"{""fit"":""regular-fit"",""fabric"":""cotton modal""}"
4,tshirts,crew-neck,sage green,Sage Green Crew Neck Tshirts,tshirt_sage-green_relaxed-fit_organic-cotton_04.png,/static/img/tshirt_sage-green_relaxed-fit_organic-cotton_04.png,tshirt_sage-green_relaxed-fit_organic-cotton_04_back.png,/static/img/tshirt_sage-green_relaxed-fit_organic-cotton_04_back.png,back,"{""fit"":""relaxed-fit"",""fabric"":""organic cotton""}"
5,tshirts,crew-neck,dusty rose,Dusty Rose Crew Neck Tshirts,tshirt_dusty-rose_regular-fit_cotton_05.png,/static/img/tshirt_dusty-rose_regular-fit_cotton_05.png,tshirt_dusty-rose_regular-fit_cotton_05_back.png,/static/img/tshirt_dusty-rose_regular-fit_cotton_05_back.png,back,"{""fit"":""regular-fit"",""fabric"":""cotton""}"
6,tshirts,crew-neck,navy,Navy Crew Neck Tshirts,tshirt_navy_slim-fit_cotton-blend_06.png,/static/img/tshirt_navy_slim-fit_cotton-blend_06.png,tshirt_navy_slim-fit_cotton-blend_06_back.png,/static/img/tshirt_navy_slim-fit_cotton-blend_06_back.png,back,"{""fit"":""slim-fit"",""fabric"":""cotton blend""}"
7,tshirts,crew-neck,charcoal,Charcoal Crew Neck Tshirts,tshirt_charcoal_regular-fit_cotton_07.png,/static/img/tshirt_charcoal_regular-fit_cotton_07.png,tshirt_charcoal_regular-fit_cotton_07_back.png,/static/img/tshirt_charcoal_regular-fit_cotton_07_back.png,back,"{""fit"":""regular-fit"",""fabric"":""cotton""}"
8,tshirts,crew-neck,ivory,Ivory Crew Neck Tshirts,tshirt_ivory_relaxed-fit_organic-cotton_08.png,/static/img/tshirt_ivory_relaxed-fit_organic-cotton_08.png,tshirt_ivory_relaxed-fit_organic-cotton_08_back.png,/static/img/tshirt_ivory_relaxed-fit_organic-cotton_08_back.png,back,"{""fit"":""relaxed-fit"",""fabric"":""organic cotton""}"
9,tshirts,crew-neck,terracotta,Terracotta Crew Neck Tshirts,tshirt_terracotta_regular-fit_cotton_09.png,/static/img/tshirt_terracotta_regular-fit_cotton_09.png,tshirt_terracotta_regular-fit_cotton_09_back.png,/static/img/tshirt_terracotta_regular-fit_cotton_09_back.png,back,"{""fit"":""regular-fit"",""fabric"":""cotton""}"
10,tshirts,crew-neck,olive,Olive Crew Neck Tshirts,tshirt_olive_relaxed-fit_cotton-blend_10.png,/static/img/tshirt_olive_relaxed-fit_cotton-blend_10.png,tshirt_olive_relaxed-fit_cotton-blend_10_back.png,/static/img/tshirt_olive_relaxed-fit_cotton-blend_10_back.png,back,"{""fit"":""relaxed-fit"",""fabric"":""cotton blend""}"
11,tshirts,crew-neck,slate blue,Slate Blue Crew Neck Tshirts,tshirt_slate-blue_slim-fit_cotton-modal_11.png,/static/img/tshirt_slate-blue_slim-fit_cotton-modal_11.png,tshirt_slate-blue_slim-fit_cotton-modal_11_back.png,/static/img/tshirt_slate-blue_slim-fit_cotton-modal_11_back.png,back,"{""fit"":""slim-fit"",""fabric"":""cotton modal""}"
12,tshirts,crew-neck,burgundy,Burgundy Crew Neck Tshirts,tshirt_burgundy_regular-fit_cotton_12.png,/static/img/tshirt_burgundy_regular-fit_cotton_12.png,tshirt_burgundy_regular-fit_cotton_12_back.png,/static/img/tshirt_burgundy_regular-fit_cotton_12_back.png,back,"{""fit"":""regular-fit"",""fabric"":""cotton""}"
13,tshirts,crew-neck,white,White Crew Neck Tshirts,tshirt_white_oversized_cotton_13.png,/static/img/tshirt_white_oversized_cotton_13.png,tshirt_white_oversized_cotton_13_back.png,/static/img/tshirt_white_oversized_cotton_13_back.png,back,"{""fit"":""oversized"",""fabric"":""cotton""}"
14,tshirts,crew-neck,black,Black Crew Neck Tshirts,tshirt_black_slim-fit_cotton_14.png,/static/img/tshirt_black_slim-fit_cotton_14.png,tshirt_black_slim-fit_cotton_14_back.png,/static/img/tshirt_black_slim-fit_cotton_14_back.png,back,"{""fit"":""slim-fit"",""fabric"":""cotton""}"
15,tshirts,crew-neck,light gray,Light Gray Crew Neck Tshirts,tshirt_light-gray_regular-fit_cotton-modal_15.png,/static/img/tshirt_light-gray_regular-fit_cotton-modal_15.png,tshirt_light-gray_regular-fit_cotton-modal_15_back.png,/static/img/tshirt_light-gray_regular-fit_cotton-modal_15_back.png,back,"{""fit"":""regular-fit"",""fabric"":""cotton modal""}"
16,tshirts,crew-neck,sky blue,Sky Blue Crew Neck Tshirts,tshirt_sky-blue_slim-fit_pima-cotton_16.png,/static/img/tshirt_sky-blue_slim-fit_pima-cotton_16.png,tshirt_sky-blue_slim-fit_pima-cotton_16_back.png,/static/img/tshirt_sky-blue_slim-fit_pima-cotton_16_back.png,back,"{""fit"":""slim-fit"",""fabric"":""pima cotton""}"
17,tshirts,crew-neck,mustard,Mustard Crew Neck Tshirts,tshirt_mustard_relaxed-fit_cotton_17.png,/static/img/tshirt_mustard_relaxed-fit_cotton_17.png,tshirt_mustard_relaxed-fit_cotton_17_back.png,/static/img/tshirt_mustard_relaxed-fit_cotton_17_back.png,back,"{""fit"":""relaxed-fit"",""fabric"":""cotton""}"
18,tshirts,crew-neck,forest green,Forest Green Crew Neck Tshirts,tshirt_forest-green_regular-fit_organic-cotton_18.png,/static/img/tshirt_forest-green_regular-fit_organic-cotton_18.png,tshirt_forest-green_regular-fit_organic-cotton_18_back.png,/static/img/tshirt_forest-green_regular-fit_organic-cotton_18_back.png,back,"{""fit"":""regular-fit"",""fabric"":""organic cotton""}"
19,shirts,button-down,white,White Button Down Shirts,shirt_white_regular_cotton-poplin_01.png,/static/img/shirt_white_regular_cotton-poplin_01.png,shirt_white_regular_cotton-poplin_01_back.png,/static/img/shirt_white_regular_cotton-poplin_01_back.png,back,"{""fit"":""regular-fit"",""fabric"":""cotton poplin""}"
20,shirts,button-down,sky blue,Sky Blue Button Down Shirts,shirt_sky-blue_slim_oxford-cotton_02.png,/static/img/shirt_sky-blue_slim_oxford-cotton_02.png,shirt_sky-blue_slim_oxford-cotton_02_back.png,/static/img/shirt_sky-blue_slim_oxford-cotton_02_back.png,back,"{""fit"":""slim-fit"",""fabric"":""oxford cotton""}"
21,shirts,button-down,light gray,Light Gray Button Down Shirts,shirt_light-gray_regular_cotton-poplin_03.png,/static/img/shirt_light-gray_regular_cotton-poplin_03.png,shirt_light-gray_regular_cotton-poplin_03_back.png,/static/img/shirt_light-gray_regular_cotton-poplin_03_back.png,back,"{""fit"":""regular-fit"",""fabric"":""cotton poplin""}"
22,shirts,button-down,navy,Navy Button Down Shirts,shirt_navy_slim_oxford-cotton_04.png,/static/img/shirt_navy_slim_oxford-cotton_04.png,shirt_navy_slim_oxford-cotton_04_back.png,/static/img/shirt_navy_slim_oxford-cotton_04_back.png,back,"{""fit"":""slim-fit"",""fabric"":""oxford cotton""}"
23,shirts,button-down,sage,Sage Button Down Shirts,shirt_sage_relaxed_linen-cotton-blend_05.png,/static/img/shirt_sage_relaxed_linen-cotton-blend_05.png,shirt_sage_relaxed_linen-cotton-blend_05_back.png,/static/img/shirt_sage_relaxed_linen-cotton-blend_05_back.png,back,"{""fit"":""relaxed-fit"",""fabric"":""linen cotton blend""}"
24,shirts,button-down,ecru,Ecru Button Down Shirts,shirt_ecru_regular_washed-linen_06.png,/static/img/shirt_ecru_regular_washed-linen_06.png,shirt_ecru_regular_washed-linen_06_back.png,/static/img/shirt_ecru_regular_washed-linen_06_back.png,back,"{""fit"":""regular-fit"",""fabric"":""washed linen""}"
25,shirts,button-down,oxford blue,Oxford Blue Button Down Shirts,shirt_oxford-blue_slim_oxford-cotton_07.png,/static/img/shirt_oxford-blue_slim_oxford-cotton_07.png,shirt_oxford-blue_slim_oxford-cotton_07_back.png,/static/img/shirt_oxford-blue_slim_oxford-cotton_07_back.png,back,"{""fit"":""slim-fit"",""fabric"":""oxford cotton""}"
26,shirts,button-down,charcoal,Charcoal Button Down Shirts,shirt_charcoal_tailored_cotton-poplin_08.png,/static/img/shirt_charcoal_tailored_cotton-poplin_08.png,shirt_charcoal_tailored_cotton-poplin_08_back.png,/static/img/shirt_charcoal_tailored_cotton-poplin_08_back.png,back,"{""fit"":""tailored-fit"",""fabric"":""cotton poplin""}"
27,shirts,button-down,dusty blue,Dusty Blue Button Down Shirts,shirt_dusty-blue_regular_chambray_09.png,/static/img/shirt_dusty-blue_regular_chambray_09.png,shirt_dusty-blue_regular_chambray_09_back.png,/static/img/shirt_dusty-blue_regular_chambray_09_back.png,back,"{""fit"":""regular-fit"",""fabric"":""chambray""}"
28,shirts,button-down,ivory,Ivory Button Down Shirts,shirt_ivory_relaxed_washed-linen_10.png,/static/img/shirt_ivory_relaxed_washed-linen_10.png,shirt_ivory_relaxed_washed-linen_10_back.png,/static/img/shirt_ivory_relaxed_washed-linen_10_back.png,back,"{""fit"":""relaxed-fit"",""fabric"":""washed linen""}"
29,shirts,button-down,black,Black Button Down Shirts,shirt_black_slim_cotton-poplin_11.png,/static/img/shirt_black_slim_cotton-poplin_11.png,shirt_black_slim_cotton-poplin_11_back.png,/static/img/shirt_black_slim_cotton-poplin_11_back.png,back,"{""fit"":""slim-fit"",""fabric"":""cotton poplin""}"
30,shirts,button-down,pale pink,Pale Pink Button Down Shirts,shirt_pale-pink_regular_oxford-cotton_12.png,/static/img/shirt_pale-pink_regular_oxford-cotton_12.png,shirt_pale-pink_regular_oxford-cotton_12_back.png,/static/img/shirt_pale-pink_regular_oxford-cotton_12_back.png,back,"{""fit"":""regular-fit"",""fabric"":""oxford cotton""}"
31,shirts,button-down,olive,Olive Button Down Shirts,shirt_olive_relaxed_linen-cotton-blend_13.png,/static/img/shirt_olive_relaxed_linen-cotton-blend_13.png,shirt_olive_relaxed_linen-cotton-blend_13_back.png,/static/img/shirt_olive_relaxed_linen-cotton-blend_13_back.png,back,"{""fit"":""relaxed-fit"",""fabric"":""linen cotton blend""}"
32,shirts,button-down,midnight blue,Midnight Blue Button Down Shirts,shirt_midnight-blue_slim_cotton-poplin_14.png,/static/img/shirt_midnight-blue_slim_cotton-poplin_14.png,shirt_midnight-blue_slim_cotton-poplin_14_back.png,/static/img/shirt_midnight-blue_slim_cotton-poplin_14_back.png,back,"{""fit"":""slim-fit"",""fabric"":""cotton poplin""}"
33,shirts,button-down,beige,Beige Button Down Shirts,shirt_beige_regular_washed-linen_15.png,/static/img/shirt_beige_regular_washed-linen_15.png,shirt_beige_regular_washed-linen_15_back.png,/static/img/shirt_beige_regular_washed-linen_15_back.png,back,"{""fit"":""regular-fit"",""fabric"":""washed linen""}"
34,shirts,button-down,burgundy,Burgundy Button Down Shirts,shirt_burgundy_slim_oxford-cotton_16.png,/static/img/shirt_burgundy_slim_oxford-cotton_16.png,shirt_burgundy_slim_oxford-cotton_16_back.png,/static/img/shirt_burgundy_slim_oxford-cotton_16_back.png,back,"{""fit"":""slim-fit"",""fabric"":""oxford cotton""}"
35,shirts,button-down,teal,Teal Button Down Shirts,shirt_teal_regular_cotton-poplin_17.png,/static/img/shirt_teal_regular_cotton-poplin_17.png,shirt_teal_regular_cotton-poplin_17_back.png,/static/img/shirt_teal_regular_cotton-poplin_17_back.png,back,"{""fit"":""regular-fit"",""fabric"":""cotton poplin""}"
36,shirts,button-down,sand,Sand Button Down Shirts,shirt_sand_relaxed_linen-cotton-blend_18.png,/static/img/shirt_sand_relaxed_linen-cotton-blend_18.png,shirt_sand_relaxed_linen-cotton-blend_18_back.png,/static/img/shirt_sand_relaxed_linen-cotton-blend_18_back.png,back,"{""fit"":""relaxed-fit"",""fabric"":""linen cotton blend""}"
37,jeans,denim,indigo,Indigo Denim Jeans,jeans_indigo_slim-fit_12oz-denim_01.png,/static/img/jeans_indigo_slim-fit_12oz-denim_01.png,jeans_indigo_slim-fit_12oz-denim_01_back.png,/static/img/jeans_indigo_slim-fit_12oz-denim_01_back.png,back,"{""fit"":""slim-fit"",""fabric"":""12oz denim""}"
38,jeans,denim,black,Black Denim Jeans,jeans_black_straight-fit_stretch-denim_02.png,/static/img/jeans_black_straight-fit_stretch-denim_02.png,jeans_black_straight-fit_stretch-denim_02_back.png,/static/img/jeans_black_straight-fit_stretch-denim_02_back.png,back,"{""fit"":""straight-fit"",""fabric"":""stretch denim""}"
39,jeans,denim,mid blue,Mid Blue Denim Jeans,jeans_mid-blue_slim-fit_12oz-denim_03.png,/static/img/jeans_mid-blue_slim-fit_12oz-denim_03.png,jeans_mid-blue_slim-fit_12oz-denim_03_back.png,/static/img/jeans_mid-blue_slim-fit_12oz-denim_03_back.png,back,"{""fit"":""slim-fit"",""fabric"":""12oz denim""}"
40,jeans,denim,light wash blue,Light Wash Blue Denim Jeans,jeans_light-wash-blue_relaxed-fit_lightweight-denim_04.png,/static/img/jeans_light-wash-blue_relaxed-fit_lightweight-denim_04.png,jeans_light-wash-blue_relaxed-fit_lightweight-denim_04_back.png,/static/img/jeans_light-wash-blue_relaxed-fit_lightweight-denim_04_back.png,back,"{""fit"":""relaxed-fit"",""fabric"":""lightweight denim""}"
41,jeans,denim,charcoal,Charcoal Denim Jeans,jeans_charcoal_tapered_stretch-denim_05.png,/static/img/jeans_charcoal_tapered_stretch-denim_05.png,jeans_charcoal_tapered_stretch-denim_05_back.png,/static/img/jeans_charcoal_tapered_stretch-denim_05_back.png,back,"{""fit"":""tapered"",""fabric"":""stretch denim""}"
42,jeans,denim,raw indigo,Raw Indigo Denim Jeans,jeans_raw-indigo_slim-fit_12oz-denim_10.png,/static/img/jeans_raw-indigo_slim-fit_12oz-denim_10.png,jeans_raw-indigo_slim-fit_12oz-denim_10_back.png,/static/img/jeans_raw-indigo_slim-fit_12oz-denim_10_back.png,back,"{""fit"":""slim-fit"",""fabric"":""12oz denim""}"
43,jeans,denim,vintage blue,Vintage Blue Denim Jeans,jeans_vintage-blue_straight-fit_12oz-denim_11.png,/static/img/jeans_vintage-blue_straight-fit_12oz-denim_11.png,jeans_vintage-blue_straight-fit_12oz-denim_11_back.png,/static/img/jeans_vintage-blue_straight-fit_12oz-denim_11_back.png,back,"{""fit"":""straight-fit"",""fabric"":""12oz denim""}"
44,jeans,denim,gray,Gray Denim Jeans,jeans_gray_tapered_stretch-denim_12.png,/static/img/jeans_gray_tapered_stretch-denim_12.png,jeans_gray_tapered_stretch-denim_12_back.png,/static/img/jeans_gray_tapered_stretch-denim_12_back.png,back,"{""fit"":""tapered"",""fabric"":""stretch denim""}"
45,jeans,denim,deep blue,Deep Blue Denim Jeans,jeans_deep-blue_slim-fit_stretch-denim_14.png,/static/img/jeans_deep-blue_slim-fit_stretch-denim_14.png,jeans_deep-blue_slim-fit_stretch-denim_14_back.png,/static/img/jeans_deep-blue_slim-fit_stretch-denim_14_back.png,back,"{""fit"":""slim-fit"",""fabric"":""stretch denim""}"
46,jeans,denim,black,Black Denim Jeans,jeans_black_wide-leg_12oz-denim_15.png,/static/img/jeans_black_wide-leg_12oz-denim_15.png,jeans_black_wide-leg_12oz-denim_15_back.png,/static/img/jeans_black_wide-leg_12oz-denim_15_back.png,back,"{""fit"":""wide-leg"",""fabric"":""12oz denim""}"
47,jeans,denim,bleached blue,Bleached Blue Denim Jeans,jeans_bleached-blue_relaxed-fit_lightweight-denim_18.png,/static/img/jeans_bleached-blue_relaxed-fit_lightweight-denim_18.png,jeans_bleached-blue_relaxed-fit_lightweight-denim_18_back.png,/static/img/jeans_bleached-blue_relaxed-fit_lightweight-denim_18_back.png,back,"{""fit"":""relaxed-fit"",""fabric"":""lightweight denim""}"
48,jeans,denim,slate,Slate Denim Jeans,jeans_slate_tapered_stretch-denim_19.png,/static/img/jeans_slate_tapered_stretch-denim_19.png,jeans_slate_tapered_stretch-denim_19_back.png,/static/img/jeans_slate_tapered_stretch-denim_19_back.png,back,"{""fit"":""tapered"",""fabric"":""stretch denim""}"
49,pants,chinos,khaki,Khaki Chinos Pants,jeans_khaki_straight-fit_chino-cotton_06.png,/static/img/jeans_khaki_straight-fit_chino-cotton_06.png,jeans_khaki_straight-fit_chino-cotton_06_back.png,/static/img/jeans_khaki_straight-fit_chino-cotton_06_back.png,back,"{""fit"":""straight-fit"",""fabric"":""chino cotton""}"
50,pants,trousers,olive,Olive Trousers Pants,jeans_olive_slim-fit_twill-cotton_07.png,/static/img/jeans_olive_slim-fit_twill-cotton_07.png,jeans_olive_slim-fit_twill-cotton_07_back.png,/static/img/jeans_olive_slim-fit_twill-cotton_07_back.png,back,"{""fit"":""slim-fit"",""fabric"":""twill cotton""}"
51,pants,chinos,navy,Navy Chinos Pants,jeans_navy_straight-fit_chino-cotton_08.png,/static/img/jeans_navy_straight-fit_chino-cotton_08.png,jeans_navy_straight-fit_chino-cotton_08_back.png,/static/img/jeans_navy_straight-fit_chino-cotton_08_back.png,back,"{""fit"":""straight-fit"",""fabric"":""chino cotton""}"
52,pants,trousers,stone,Stone Trousers Pants,jeans_stone_relaxed-fit_twill-cotton_09.png,/static/img/jeans_stone_relaxed-fit_twill-cotton_09.png,jeans_stone_relaxed-fit_twill-cotton_09_back.png,/static/img/jeans_stone_relaxed-fit_twill-cotton_09_back.png,back,"{""fit"":""relaxed-fit"",""fabric"":""twill cotton""}"
53,pants,chinos,sand,Sand Chinos Pants,jeans_sand_relaxed-fit_chino-cotton_13.png,/static/img/jeans_sand_relaxed-fit_chino-cotton_13.png,jeans_sand_relaxed-fit_chino-cotton_13_back.png,/static/img/jeans_sand_relaxed-fit_chino-cotton_13_back.png,back,"{""fit"":""relaxed-fit"",""fabric"":""chino cotton""}"
54,pants,trousers,camel,Camel Trousers Pants,jeans_camel_straight-fit_twill-cotton_16.png,/static/img/jeans_camel_straight-fit_twill-cotton_16.png,jeans_camel_straight-fit_twill-cotton_16_back.png,/static/img/jeans_camel_straight-fit_twill-cotton_16_back.png,back,"{""fit"":""straight-fit"",""fabric"":""twill cotton""}"
55,pants,chinos,forest green,Forest Green Chinos Pants,jeans_forest-green_slim-fit_chino-cotton_17.png,/static/img/jeans_forest-green_slim-fit_chino-cotton_17.png,jeans_forest-green_slim-fit_chino-cotton_17_back.png,/static/img/jeans_forest-green_slim-fit_chino-cotton_17_back.png,back,"{""fit"":""slim-fit"",""fabric"":""chino cotton""}"
56,pants,trousers,burgundy,Burgundy Trousers Pants,jeans_burgundy_straight-fit_twill-cotton_20.png,/static/img/jeans_burgundy_straight-fit_twill-cotton_20.png,jeans_burgundy_straight-fit_twill-cotton_20_back.png,/static/img/jeans_burgundy_straight-fit_twill-cotton_20_back.png,back,"{""fit"":""straight-fit"",""fabric"":""twill cotton""}"
57,pants,chinos,white,White Chinos Pants,jeans_white_slim-fit_chino-cotton_21.png,/static/img/jeans_white_slim-fit_chino-cotton_21.png,jeans_white_slim-fit_chino-cotton_21_back.png,/static/img/jeans_white_slim-fit_chino-cotton_21_back.png,back,"{""fit"":""slim-fit"",""fabric"":""chino cotton""}"
58,pants,trousers,tan,Tan Trousers Pants,jeans_tan_slim-fit_twill-cotton_24.png,/static/img/jeans_tan_slim-fit_twill-cotton_24.png,jeans_tan_slim-fit_twill-cotton_24_back.png,/static/img/jeans_tan_slim-fit_twill-cotton_24_back.png,back,"{""fit"":""slim-fit"",""fabric"":""twill cotton""}"
59,jackets,travel blazer,navy,Navy Travel Blazer Jackets,jacket_navy_tailored_travel-blazer_01.png,/static/img/jacket_navy_tailored_travel-blazer_01.png,jacket_navy_tailored_travel-blazer_01_back.png,/static/img/jacket_navy_tailored_travel-blazer_01_back.png,back,"{""fit"":""tailored""}"
60,jackets,lightweight bomber,charcoal,Charcoal Lightweight Bomber Jackets,jacket_charcoal_relaxed_lightweight-bomber_02.png,/static/img/jacket_charcoal_relaxed_lightweight-bomber_02.png,jacket_charcoal_relaxed_lightweight-bomber_02_back.png,/static/img/jacket_charcoal_relaxed_lightweight-bomber_02_back.png,back,"{""fit"":""relaxed""}"
61,jackets,soft shoulder blazer,camel,Camel Soft Shoulder Blazer Jackets,jacket_camel_tailored_soft-shoulder-blazer_03.png,/static/img/jacket_camel_tailored_soft-shoulder-blazer_03.png,jacket_camel_tailored_soft-shoulder-blazer_03_back.png,/static/img/jacket_camel_tailored_soft-shoulder-blazer_03_back.png,back,"{""fit"":""tailored""}"
62,jackets,packable jacket,olive,Olive Packable Jacket Jackets,jacket_olive_relaxed_packable-jacket_04.png,/static/img/jacket_olive_relaxed_packable-jacket_04.png,jacket_olive_relaxed_packable-jacket_04_back.png,/static/img/jacket_olive_relaxed_packable-jacket_04_back.png,back,"{""fit"":""relaxed""}"
63,jackets,travel blazer,slate gray,Slate Gray Travel Blazer Jackets,jacket_slate-gray_tailored_travel-blazer_05.png,/static/img/jacket_slate-gray_tailored_travel-blazer_05.png,jacket_slate-gray_tailored_travel-blazer_05_back.png,/static/img/jacket_slate-gray_tailored_travel-blazer_05_back.png,back,"{""fit"":""tailored""}"
64,jackets,soft shoulder blazer,deep burgundy,Deep Burgundy Soft Shoulder Blazer Jackets,jacket_deep-burgundy_tailored_soft-shoulder-blazer_06.png,/static/img/jacket_deep-burgundy_tailored_soft-shoulder-blazer_06.png,jacket_deep-burgundy_tailored_soft-shoulder-blazer_06_back.png,/static/img/jacket_deep-burgundy_tailored_soft-shoulder-blazer_06_back.png,back,"{""fit"":""tailored""}"
65,jackets,lightweight bomber,black,Black Lightweight Bomber Jackets,jacket_black_relaxed_lightweight-bomber_07.png,/static/img/jacket_black_relaxed_lightweight-bomber_07.png,jacket_black_relaxed_lightweight-bomber_07_back.png,/static/img/jacket_black_relaxed_lightweight-bomber_07_back.png,back,"{""fit"":""relaxed""}"
66,jackets,packable jacket,sand,Sand Packable Jacket Jackets,jacket_sand_relaxed_packable-jacket_08.png,/static/img/jacket_sand_relaxed_packable-jacket_08.png,jacket_sand_relaxed_packable-jacket_08_back.png,/static/img/jacket_sand_relaxed_packable-jacket_08_back.png,back,"{""fit"":""relaxed""}"
67,jackets,travel blazer,midnight blue,Midnight Blue Travel Blazer Jackets,jacket_midnight-blue_tailored_travel-blazer_09.png,/static/img/jacket_midnight-blue_tailored_travel-blazer_09.png,jacket_midnight-blue_tailored_travel-blazer_09_back.png,/static/img/jacket_midnight-blue_tailored_travel-blazer_09_back.png,back,"{""fit"":""tailored""}"
68,jackets,packable jacket,forest green,Forest Green Packable Jacket Jackets,jacket_forest-green_relaxed_packable-jacket_10.png,/static/img/jacket_forest-green_relaxed_packable-jacket_10.png,jacket_forest-green_relaxed_packable-jacket_10_back.png,/static/img/jacket_forest-green_relaxed_packable-jacket_10_back.png,back,"{""fit"":""relaxed""}"
69,jackets,soft shoulder blazer,stone,Stone Soft Shoulder Blazer Jackets,jacket_stone_tailored_soft-shoulder-blazer_11.png,/static/img/jacket_stone_tailored_soft-shoulder-blazer_11.png,jacket_stone_tailored_soft-shoulder-blazer_11_back.png,/static/img/jacket_stone_tailored_soft-shoulder-blazer_11_back.png,back,"{""fit"":""tailored""}"
70,jackets,lightweight bomber,teal,Teal Lightweight Bomber Jackets,jacket_teal_relaxed_lightweight-bomber_12.png,/static/img/jacket_teal_relaxed_lightweight-bomber_12.png,jacket_teal_relaxed_lightweight-bomber_12_back.png,/static/img/jacket_teal_relaxed_lightweight-bomber_12_back.png,back,"{""fit"":""relaxed""}"
71,jackets,travel blazer,graphite,Graphite Travel Blazer Jackets,jacket_graphite_tailored_travel-blazer_13.png,/static/img/jacket_graphite_tailored_travel-blazer_13.png,jacket_graphite_tailored_travel-blazer_13_back.png,/static/img/jacket_graphite_tailored_travel-blazer_13_back.png,back,"{""fit"":""tailored""}"
72,jackets,packable jacket,tan,Tan Packable Jacket Jackets,jacket_tan_relaxed_packable-jacket_14.png,/static/img/jacket_tan_relaxed_packable-jacket_14.png,jacket_tan_relaxed_packable-jacket_14_back.png,/static/img/jacket_tan_relaxed_packable-jacket_14_back.png,back,"{""fit"":""relaxed""}"
73,jackets,soft shoulder blazer,wine,Wine Soft Shoulder Blazer Jackets,jacket_wine_tailored_soft-shoulder-blazer_15.png,/static/img/jacket_wine_tailored_soft-shoulder-blazer_15.png,jacket_wine_tailored_soft-shoulder-blazer_15_back.png,/static/img/jacket_wine_tailored_soft-shoulder-blazer_15_back.png,back,"{""fit"":""tailored""}"
74,jackets,lightweight bomber,steel blue,Steel Blue Lightweight Bomber Jackets,jacket_steel-blue_relaxed_lightweight-bomber_16.png,/static/img/jacket_steel-blue_relaxed_lightweight-bomber_16.png,jacket_steel-blue_relaxed_lightweight-bomber_16_back.png,/static/img/jacket_steel-blue_relaxed_lightweight-bomber_16_back.png,back,"{""fit"":""relaxed""}"
75,dresses,a-line,black,Black A Line Dresses,dress_black_a-line_midi_01.png,/static/img/dress_black_a-line_midi_01.png,dress_black_a-line_midi_01_back.png,/static/img/dress_black_a-line_midi_01_back.png,back,"{""length"":""midi"",""fabric"":""jersey""}"
76,dresses,sheath,navy,Navy Sheath Dresses,dress_navy_sheath_knee-length_02.png,/static/img/dress_navy_sheath_knee-length_02.png,dress_navy_sheath_knee-length_02_back.png,/static/img/dress_navy_sheath_knee-length_02_back.png,back,"{""length"":""knee length"",""fabric"":""jersey""}"
77,dresses,wrap,sage,Sage Wrap Dresses,dress_sage_wrap_midi_03.png,/static/img/dress_sage_wrap_midi_03.png,dress_sage_wrap_midi_03_back.png,/static/img/dress_sage_wrap_midi_03_back.png,back,"{""length"":""midi"",""fabric"":""jersey""}"
78,dresses,shift,dusty rose,Dusty Rose Shift Dresses,dress_dusty-rose_shift_knee-length_04.png,/static/img/dress_dusty-rose_shift_knee-length_04.png,dress_dusty-rose_shift_knee-length_04_back.png,/static/img/dress_dusty-rose_shift_knee-length_04_back.png,back,"{""length"":""knee length"",""fabric"":""jersey""}"
79,dresses,tiered,terracotta,Terracotta Tiered Dresses,dress_terracotta_tiered_maxi_05.png,/static/img/dress_terracotta_tiered_maxi_05.png,dress_terracotta_tiered_maxi_05_back.png,/static/img/dress_terracotta_tiered_maxi_05_back.png,back,"{""length"":""maxi"",""fabric"":""jersey""}"
80,dresses,a-line,ivory,Ivory A Line Dresses,dress_ivory_a-line_knee-length_06.png,/static/img/dress_ivory_a-line_knee-length_06.png,dress_ivory_a-line_knee-length_06_back.png,/static/img/dress_ivory_a-line_knee-length_06_back.png,back,"{""length"":""knee length"",""fabric"":""jersey""}"
81,dresses,sheath,deep teal,Deep Teal Sheath Dresses,dress_deep-teal_sheath_midi_07.png,/static/img/dress_deep-teal_sheath_midi_07.png,dress_deep-teal_sheath_midi_07_back.png,/static/img/dress_deep-teal_sheath_midi_07_back.png,back,"{""length"":""midi"",""fabric"":""jersey""}"
82,dresses,wrap,burgundy,Burgundy Wrap Dresses,dress_burgundy_wrap_knee-length_08.png,/static/img/dress_burgundy_wrap_knee-length_08.png,dress_burgundy_wrap_knee-length_08_back.png,/static/img/dress_burgundy_wrap_knee-length_08_back.png,back,"{""length"":""knee length"",""fabric"":""jersey""}"
83,dresses,shift,charcoal,Charcoal Shift Dresses,dress_charcoal_shift_midi_09.png,/static/img/dress_charcoal_shift_midi_09.png,dress_charcoal_shift_midi_09_back.png,/static/img/dress_charcoal_shift_midi_09_back.png,back,"{""length"":""midi"",""fabric"":""jersey""}"
84,dresses,a-line,coral,Coral A Line Dresses,dress_coral_a-line_maxi_10.png,/static/img/dress_coral_a-line_maxi_10.png,dress_coral_a-line_maxi_10_back.png,/static/img/dress_coral_a-line_maxi_10_back.png,back,"{""length"":""maxi"",""fabric"":""jersey""}"
85,dresses,sheath,plum,Plum Sheath Dresses,dress_plum_sheath_knee-length_11.png,/static/img/dress_plum_sheath_knee-length_11.png,dress_plum_sheath_knee-length_11_back.png,/static/img/dress_plum_sheath_knee-length_11_back.png,back,"{""length"":""knee length"",""fabric"":""jersey""}"
86,dresses,wrap,olive,Olive Wrap Dresses,dress_olive_wrap_midi_12.png,/static/img/dress_olive_wrap_midi_12.png,dress_olive_wrap_midi_12_back.png,/static/img/dress_olive_wrap_midi_12_back.png,back,"{""length"":""midi"",""fabric"":""jersey""}"
87,dresses,tiered,midnight blue,Midnight Blue Tiered Dresses,dress_midnight-blue_tiered_maxi_13.png,/static/img/dress_midnight-blue_tiered_maxi_13.png,dress_midnight-blue_tiered_maxi_13_back.png,/static/img/dress_midnight-blue_tiered_maxi_13_back.png,back,"{""length"":""maxi"",""fabric"":""jersey""}"
88,dresses,a-line,blush pink,Blush Pink A Line Dresses,dress_blush-pink_a-line_knee-length_14.png,/static/img/dress_blush-pink_a-line_knee-length_14.png,dress_blush-pink_a-line_knee-length_14_back.png,/static/img/dress_blush-pink_a-line_knee-length_14_back.png,back,"{""length"":""knee length"",""fabric"":""jersey""}"
89,dresses,sheath,forest green,Forest Green Sheath Dresses,dress_forest-green_sheath_midi_15.png,/static/img/dress_forest-green_sheath_midi_15.png,dress_forest-green_sheath_midi_15_back.png,/static/img/dress_forest-green_sheath_midi_15_back.png,back,"{""length"":""midi"",""fabric"":""jersey""}"
90,dresses,shift,mustard,Mustard Shift Dresses,dress_mustard_shift_knee-length_16.png,/static/img/dress_mustard_shift_knee-length_16.png,dress_mustard_shift_knee-length_16_back.png,/static/img/dress_mustard_shift_knee-length_16_back.png,back,"{""length"":""knee length"",""fabric"":""jersey""}"
91,dresses,wrap,lavender,Lavender Wrap Dresses,dress_lavender_wrap_midi_17.png,/static/img/dress_lavender_wrap_midi_17.png,dress_lavender_wrap_midi_17_back.png,/static/img/dress_lavender_wrap_midi_17_back.png,back,"{""length"":""midi"",""fabric"":""jersey""}"
92,dresses,tiered,cream,Cream Tiered Dresses,dress_cream_tiered_midi_20.png,/static/img/dress_cream_tiered_midi_20.png,dress_cream_tiered_midi_20_back.png,/static/img/dress_cream_tiered_midi_20_back.png,back,"{""length"":""midi"",""fabric"":""jersey""}"
93,sweaters,crew-neck-sweater,charcoal,Charcoal Crew Neck Sweater Sweaters,winter_charcoal_crew-neck-sweater_merino-wool_01.png,/static/img/winter_charcoal_crew-neck-sweater_merino-wool_01.png,winter_charcoal_crew-neck-sweater_merino-wool_01_back.png,/static/img/winter_charcoal_crew-neck-sweater_merino-wool_01_back.png,back,"{""fabric"":""merino wool""}"
94,sweaters,half-zip-pullover,oatmeal,Oatmeal Half Zip Pullover Sweaters,winter_oatmeal_half-zip-pullover_lambswool_02.png,/static/img/winter_oatmeal_half-zip-pullover_lambswool_02.png,winter_oatmeal_half-zip-pullover_lambswool_02_back.png,/static/img/winter_oatmeal_half-zip-pullover_lambswool_02_back.png,back,"{""fabric"":""lambswool""}"
95,sweaters,cardigan,forest green,Forest Green Cardigan Sweaters,winter_forest-green_cardigan_cashmere-blend_03.png,/static/img/winter_forest-green_cardigan_cashmere-blend_03.png,winter_forest-green_cardigan_cashmere-blend_03_back.png,/static/img/winter_forest-green_cardigan_cashmere-blend_03_back.png,back,"{""fabric"":""cashmere blend""}"
96,sweaters,crew-neck-sweater,burgundy,Burgundy Crew Neck Sweater Sweaters,winter_burgundy_crew-neck-sweater_merino-wool_06.png,/static/img/winter_burgundy_crew-neck-sweater_merino-wool_06.png,winter_burgundy_crew-neck-sweater_merino-wool_06_back.png,/static/img/winter_burgundy_crew-neck-sweater_merino-wool_06_back.png,back,"{""fabric"":""merino wool""}"
97,sweaters,half-zip-pullover,slate,Slate Half Zip Pullover Sweaters,winter_slate_half-zip-pullover_lambswool_07.png,/static/img/winter_slate_half-zip-pullover_lambswool_07.png,winter_slate_half-zip-pullover_lambswool_07_back.png,/static/img/winter_slate_half-zip-pullover_lambswool_07_back.png,back,"{""fabric"":""lambswool""}"
98,sweaters,cardigan,cream,Cream Cardigan Sweaters,winter_cream_cardigan_cashmere-blend_08.png,/static/img/winter_cream_cardigan_cashmere-blend_08.png,winter_cream_cardigan_cashmere-blend_08_back.png,/static/img/winter_cream_cardigan_cashmere-blend_08_back.png,back,"{""fabric"":""cashmere blend""}"
99,sweaters,crew-neck-sweater,rust,Rust Crew Neck Sweater Sweaters,winter_rust_crew-neck-sweater_lambswool_11.png,/static/img/winter_rust_crew-neck-sweater_lambswool_11.png,winter_rust_crew-neck-sweater_lambswool_11_back.png,/static/img/winter_rust_crew-neck-sweater_lambswool_11_back.png,back,"{""fabric"":""lambswool""}"
100,sweaters,half-zip-pullover,graphite,Graphite Half Zip Pullover Sweaters,winter_graphite_half-zip-pullover_brushed-alpaca_12.png,/static/img/winter_graphite_half-zip-pullover_brushed-alpaca_12.png,winter_graphite_half-zip-pullover_brushed-alpaca_12_back.png,/static/img/winter_graphite_half-zip-pullover_brushed-alpaca_12_back.png,back,"{""fabric"":""brushed alpaca""}"
101,sweaters,cardigan,ivory,Ivory Cardigan Sweaters,winter_ivory_cardigan_merino-wool_13.png,/static/img/winter_ivory_cardigan_merino-wool_13.png,winter_ivory_cardigan_merino-wool_13_back.png,/static/img/winter_ivory_cardigan_merino-wool_13_back.png,back,"{""fabric"":""merino wool""}"
102,sweaters,crew-neck-sweater,steel blue,Steel Blue Crew Neck Sweater Sweaters,winter_steel-blue_crew-neck-sweater_merino-wool_16.png,/static/img/winter_steel-blue_crew-neck-sweater_merino-wool_16.png,winter_steel-blue_crew-neck-sweater_merino-wool_16_back.png,/static/img/winter_steel-blue_crew-neck-sweater_merino-wool_16_back.png,back,"{""fabric"":""merino wool""}"
103,sweaters,half-zip-pullover,mustard,Mustard Half Zip Pullover Sweaters,winter_mustard_half-zip-pullover_lambswool_17.png,/static/img/winter_mustard_half-zip-pullover_lambswool_17.png,winter_mustard_half-zip-pullover_lambswool_17_back.png,/static/img/winter_mustard_half-zip-pullover_lambswool_17_back.png,back,"{""fabric"":""lambswool""}"
104,sweaters,cardigan,plum,Plum Cardigan Sweaters,winter_plum_cardigan_brushed-alpaca_18.png,/static/img/winter_plum_cardigan_brushed-alpaca_18.png,winter_plum_cardigan_brushed-alpaca_18_back.png,/static/img/winter_plum_cardigan_brushed-alpaca_18_back.png,back,"{""fabric"":""brushed alpaca""}"
105,sweaters,crew-neck-sweater,maroon,Maroon Crew Neck Sweater Sweaters,winter_maroon_crew-neck-sweater_recycled-wool_21.png,/static/img/winter_maroon_crew-neck-sweater_recycled-wool_21.png,winter_maroon_crew-neck-sweater_recycled-wool_21_back.png,/static/img/winter_maroon_crew-neck-sweater_recycled-wool_21_back.png,back,"{""fabric"":""recycled wool""}"
106,sweaters,half-zip-pullover,pebble gray,Pebble Gray Half Zip Pullover Sweaters,winter_pebble-gray_half-zip-pullover_merino-wool_22.png,/static/img/winter_pebble-gray_half-zip-pullover_merino-wool_22.png,winter_pebble-gray_half-zip-pullover_merino-wool_22_back.png,/static/img/winter_pebble-gray_half-zip-pullover_merino-wool_22_back.png,back,"{""fabric"":""merino wool""}"
107,raincoats,packable,olive,Olive Packable Raincoats,raincoat_olive_mid-length_packable_01.png,/static/img/raincoat_olive_mid-length_packable_01.png,raincoat_olive_mid-length_packable_01_back.png,/static/img/raincoat_olive_mid-length_packable_01_back.png,back,"{""length"":""mid length""}"
108,raincoats,technical shell,navy,Navy Technical Shell Raincoats,raincoat_navy_hip-length_technical-shell_02.png,/static/img/raincoat_navy_hip-length_technical-shell_02.png,raincoat_navy_hip-length_technical-shell_02_back.png,/static/img/raincoat_navy_hip-length_technical-shell_02_back.png,back,"{""length"":""hip length""}"
109,raincoats,double breasted trench,translucent black,Translucent Black Double Breasted Trench Raincoats,raincoat_translucent-black_longline_double-breasted-trench_03.png,/static/img/raincoat_translucent-black_longline_double-breasted-trench_03.png,raincoat_translucent-black_longline_double-breasted-trench_03_back.png,/static/img/raincoat_translucent-black_longline_double-breasted-trench_03_back.png,back,"{""length"":""longline""}"
110,raincoats,packable,sand,Sand Packable Raincoats,raincoat_sand_mid-length_packable_04.png,/static/img/raincoat_sand_mid-length_packable_04.png,raincoat_sand_mid-length_packable_04_back.png,/static/img/raincoat_sand_mid-length_packable_04_back.png,back,"{""length"":""mid length""}"
111,raincoats,technical shell,slate gray,Slate Gray Technical Shell Raincoats,raincoat_slate-gray_hip-length_technical-shell_05.png,/static/img/raincoat_slate-gray_hip-length_technical-shell_05.png,raincoat_slate-gray_hip-length_technical-shell_05_back.png,/static/img/raincoat_slate-gray_hip-length_technical-shell_05_back.png,back,"{""length"":""hip length""}"
112,raincoats,packable,butter yellow,Butter Yellow Packable Raincoats,raincoat_butter-yellow_longline_packable_06.png,/static/img/raincoat_butter-yellow_longline_packable_06.png,raincoat_butter-yellow_longline_packable_06_back.png,/static/img/raincoat_butter-yellow_longline_packable_06_back.png,back,"{""length"":""longline""}"
113,raincoats,double breasted trench,forest green,Forest Green Double Breasted Trench Raincoats,raincoat_forest-green_mid-length_double-breasted-trench_07.png,/static/img/raincoat_forest-green_mid-length_double-breasted-trench_07.png,raincoat_forest-green_mid-length_double-breasted-trench_07_back.png,/static/img/raincoat_forest-green_mid-length_double-breasted-trench_07_back.png,back,"{""length"":""mid length""}"
114,raincoats,packable,charcoal,Charcoal Packable Raincoats,raincoat_charcoal_hip-length_packable_08.png,/static/img/raincoat_charcoal_hip-length_packable_08.png,raincoat_charcoal_hip-length_packable_08_back.png,/static/img/raincoat_charcoal_hip-length_packable_08_back.png,back,"{""length"":""hip length""}"
115,raincoats,technical shell,midnight blue,Midnight Blue Technical Shell Raincoats,raincoat_midnight-blue_longline_technical-shell_09.png,/static/img/raincoat_midnight-blue_longline_technical-shell_09.png,raincoat_midnight-blue_longline_technical-shell_09_back.png,/static/img/raincoat_midnight-blue_longline_technical-shell_09_back.png,back,"{""length"":""longline""}"
116,raincoats,double breasted trench,camel,Camel Double Breasted Trench Raincoats,raincoat_camel_mid-length_double-breasted-trench_10.png,/static/img/raincoat_camel_mid-length_double-breasted-trench_10.png,raincoat_camel_mid-length_double-breasted-trench_10_back.png,/static/img/raincoat_camel_mid-length_double-breasted-trench_10_back.png,back,"{""length"":""mid length""}"
117,sneakers,low top,white,White Low Top Sneakers,sneakers_white_low-top_knit-textile_01.png,/static/img/sneakers_white_low-top_knit-textile_01.png,sneakers_white_low-top_knit-textile_01_detail.png,/static/img/sneakers_white_low-top_knit-textile_01_detail.png,detail,"{""material"":""knit textile""}"
118,sneakers,minimalist,off white,Off White Minimalist Sneakers,sneakers_off-white_minimalist_leather_02.png,/static/img/sneakers_off-white_minimalist_leather_02.png,sneakers_off-white_minimalist_leather_02_detail.png,/static/img/sneakers_off-white_minimalist_leather_02_detail.png,detail,"{""material"":""leather""}"
119,sneakers,retro,cream,Cream Retro Sneakers,sneakers_cream_retro_suede_03.png,/static/img/sneakers_cream_retro_suede_03.png,sneakers_cream_retro_suede_03_detail.png,/static/img/sneakers_cream_retro_suede_03_detail.png,detail,"{""material"":""suede""}"
120,sneakers,low top,navy,Navy Low Top Sneakers,sneakers_navy_low-top_recycled-mesh_04.png,/static/img/sneakers_navy_low-top_recycled-mesh_04.png,sneakers_navy_low-top_recycled-mesh_04_detail.png,/static/img/sneakers_navy_low-top_recycled-mesh_04_detail.png,detail,"{""material"":""recycled mesh""}"
121,sneakers,mid top,all black,All Black Mid Top Sneakers,sneakers_all-black_mid-top_knit-textile_05.png,/static/img/sneakers_all-black_mid-top_knit-textile_05.png,sneakers_all-black_mid-top_knit-textile_05_detail.png,/static/img/sneakers_all-black_mid-top_knit-textile_05_detail.png,detail,"{""material"":""knit textile""}"
122,sneakers,minimalist,gray,Gray Minimalist Sneakers,sneakers_gray_minimalist_leather_06.png,/static/img/sneakers_gray_minimalist_leather_06.png,sneakers_gray_minimalist_leather_06_detail.png,/static/img/sneakers_gray_minimalist_leather_06_detail.png,detail,"{""material"":""leather""}"
123,sneakers,low top,olive,Olive Low Top Sneakers,sneakers_olive_low-top_suede_07.png,/static/img/sneakers_olive_low-top_suede_07.png,sneakers_olive_low-top_suede_07_detail.png,/static/img/sneakers_olive_low-top_suede_07_detail.png,detail,"{""material"":""suede""}"
124,sneakers,retro,sand,Sand Retro Sneakers,sneakers_sand_retro_recycled-mesh_08.png,/static/img/sneakers_sand_retro_recycled-mesh_08.png,sneakers_sand_retro_recycled-mesh_08_detail.png,/static/img/sneakers_sand_retro_recycled-mesh_08_detail.png,detail,"{""material"":""recycled mesh""}"
125,sneakers,low top,charcoal,Charcoal Low Top Sneakers,sneakers_charcoal_low-top_knit-textile_09.png,/static/img/sneakers_charcoal_low-top_knit-textile_09.png,sneakers_charcoal_low-top_knit-textile_09_detail.png,/static/img/sneakers_charcoal_low-top_knit-textile_09_detail.png,detail,"{""material"":""knit textile""}"
126,sneakers,minimalist,light gray,Light Gray Minimalist Sneakers,sneakers_light-gray_minimalist_recycled-mesh_10.png,/static/img/sneakers_light-gray_minimalist_recycled-mesh_10.png,sneakers_light-gray_minimalist_recycled-mesh_10_detail.png,/static/img/sneakers_light-gray_minimalist_recycled-mesh_10_detail.png,detail,"{""material"":""recycled mesh""}"
127,sneakers,low top,beige,Beige Low Top Sneakers,sneakers_beige_low-top_leather_11.png,/static/img/sneakers_beige_low-top_leather_11.png,sneakers_beige_low-top_leather_11_detail.png,/static/img/sneakers_beige_low-top_leather_11_detail.png,detail,"{""material"":""leather""}"
128,sneakers,retro,sky blue,Sky Blue Retro Sneakers,sneakers_sky-blue_retro_knit-textile_12.png,/static/img/sneakers_sky-blue_retro_knit-textile_12.png,sneakers_sky-blue_retro_knit-textile_12_detail.png,/static/img/sneakers_sky-blue_retro_knit-textile_12_detail.png,detail,"{""material"":""knit textile""}"
129,sneakers,minimalist,taupe,Taupe Minimalist Sneakers,sneakers_taupe_minimalist_suede_14.png,/static/img/sneakers_taupe_minimalist_suede_14.png,sneakers_taupe_minimalist_suede_14_detail.png,/static/img/sneakers_taupe_minimalist_suede_14_detail.png,detail,"{""material"":""suede""}"
130,sneakers,retro,ivory,Ivory Retro Sneakers,sneakers_ivory_retro_knit-textile_16.png,/static/img/sneakers_ivory_retro_knit-textile_16.png,sneakers_ivory_retro_knit-textile_16_detail.png,/static/img/sneakers_ivory_retro_knit-textile_16_detail.png,detail,"{""material"":""knit textile""}"
131,sneakers,mid top,slate,Slate Mid Top Sneakers,sneakers_slate_mid-top_leather_17.png,/static/img/sneakers_slate_mid-top_leather_17.png,sneakers_slate_mid-top_leather_17_detail.png,/static/img/sneakers_slate_mid-top_leather_17_detail.png,detail,"{""material"":""leather""}"
132,sneakers,mid top,white,White Mid Top Sneakers,sneakers_white_mid-top_knit-textile_42.png,/static/img/sneakers_white_mid-top_knit-textile_42.png,sneakers_white_mid-top_knit-textile_42_detail.png,/static/img/sneakers_white_mid-top_knit-textile_42_detail.png,detail,"{""material"":""knit textile""}"
133,formal-shoes,oxford,black,Black Oxford Formal Shoes,formal-shoes_black_oxford_smooth_01.png,/static/img/formal-shoes_black_oxford_smooth_01.png,formal-shoes_black_oxford_smooth_01_detail.png,/static/img/formal-shoes_black_oxford_smooth_01_detail.png,detail,"{""leather"":""smooth""}"
134,formal-shoes,derby,dark brown,Dark Brown Derby Formal Shoes,formal-shoes_dark-brown_derby_full-grain_02.png,/static/img/formal-shoes_dark-brown_derby_full-grain_02.png,formal-shoes_dark-brown_derby_full-grain_02_detail.png,/static/img/formal-shoes_dark-brown_derby_full-grain_02_detail.png,detail,"{""leather"":""full grain""}"
135,formal-shoes,loafer,oxblood,Oxblood Loafer Formal Shoes,formal-shoes_oxblood_loafer_suede_03.png,/static/img/formal-shoes_oxblood_loafer_suede_03.png,formal-shoes_oxblood_loafer_suede_03_detail.png,/static/img/formal-shoes_oxblood_loafer_suede_03_detail.png,detail,"{""leather"":""suede""}"
136,formal-shoes,monk-strap,tan,Tan Monk Strap Formal Shoes,formal-shoes_tan_monk-strap_pebbled_04.png,/static/img/formal-shoes_tan_monk-strap_pebbled_04.png,formal-shoes_tan_monk-strap_pebbled_04_detail.png,/static/img/formal-shoes_tan_monk-strap_pebbled_04_detail.png,detail,"{""leather"":""pebbled""}"
137,formal-shoes,oxford,walnut,Walnut Oxford Formal Shoes,formal-shoes_walnut_oxford_full-grain_05.png,/static/img/formal-shoes_walnut_oxford_full-grain_05.png,formal-shoes_walnut_oxford_full-grain_05_detail.png,/static/img/formal-shoes_walnut_oxford_full-grain_05_detail.png,detail,"{""leather"":""full grain""}"
138,formal-shoes,derby,black,Black Derby Formal Shoes,formal-shoes_black_derby_smooth_06.png,/static/img/formal-shoes_black_derby_smooth_06.png,formal-shoes_black_derby_smooth_06_detail.png,/static/img/formal-shoes_black_derby_smooth_06_detail.png,detail,"{""leather"":""smooth""}"
139,formal-shoes,loafer,cognac,Cognac Loafer Formal Shoes,formal-shoes_cognac_loafer_full-grain_07.png,/static/img/formal-shoes_cognac_loafer_full-grain_07.png,formal-shoes_cognac_loafer_full-grain_07_detail.png,/static/img/formal-shoes_cognac_loafer_full-grain_07_detail.png,detail,"{""leather"":""full grain""}"
140,formal-shoes,monk-strap,charcoal,Charcoal Monk Strap Formal Shoes,formal-shoes_charcoal_monk-strap_suede_08.png,/static/img/formal-shoes_charcoal_monk-strap_suede_08.png,formal-shoes_charcoal_monk-strap_suede_08_detail.png,/static/img/formal-shoes_charcoal_monk-strap_suede_08_detail.png,detail,"{""leather"":""suede""}"
141,formal-shoes,oxford,midnight blue,Midnight Blue Oxford Formal Shoes,formal-shoes_midnight-blue_oxford_pebbled_09.png,/static/img/formal-shoes_midnight-blue_oxford_pebbled_09.png,formal-shoes_midnight-blue_oxford_pebbled_09_detail.png,/static/img/formal-shoes_midnight-blue_oxford_pebbled_09_detail.png,detail,"{""leather"":""pebbled""}"
142,formal-shoes,derby,espresso,Espresso Derby Formal Shoes,formal-shoes_espresso_derby_smooth_10.png,/static/img/formal-shoes_espresso_derby_smooth_10.png,formal-shoes_espresso_derby_smooth_10_detail.png,/static/img/formal-shoes_espresso_derby_smooth_10_detail.png,detail,"{""leather"":""smooth""}"
143,formal-shoes,loafer,sand,Sand Loafer Formal Shoes,formal-shoes_sand_loafer_suede_11.png,/static/img/formal-shoes_sand_loafer_suede_11.png,formal-shoes_sand_loafer_suede_11_detail.png,/static/img/formal-shoes_sand_loafer_suede_11_detail.png,detail,"{""leather"":""suede""}"
144,formal-shoes,monk-strap,burgundy,Burgundy Monk Strap Formal Shoes,formal-shoes_burgundy_monk-strap_full-grain_12.png,/static/img/formal-shoes_burgundy_monk-strap_full-grain_12.png,formal-shoes_burgundy_monk-strap_full-grain_12_detail.png,/static/img/formal-shoes_burgundy_monk-strap_full-grain_12_detail.png,detail,"{""leather"":""full grain""}"
145,formal-shoes,oxford,graphite,Graphite Oxford Formal Shoes,formal-shoes_graphite_oxford_smooth_13.png,/static/img/formal-shoes_graphite_oxford_smooth_13.png,formal-shoes_graphite_oxford_smooth_13_detail.png,/static/img/formal-shoes_graphite_oxford_smooth_13_detail.png,detail,"{""leather"":""smooth""}"
146,formal-shoes,derby,camel,Camel Derby Formal Shoes,formal-shoes_camel_derby_pebbled_14.png,/static/img/formal-shoes_camel_derby_pebbled_14.png,formal-shoes_camel_derby_pebbled_14_detail.png,/static/img/formal-shoes_camel_derby_pebbled_14_detail.png,detail,"{""leather"":""pebbled""}"
147,backpacks,minimalist commuter,black,Black Minimalist Commuter Backpacks,backpack_black_minimalist-commuter_recycled-nylon_01.png,/static/img/backpack_black_minimalist-commuter_recycled-nylon_01.png,backpack_black_minimalist-commuter_recycled-nylon_01_detail.png,/static/img/backpack_black_minimalist-commuter_recycled-nylon_01_detail.png,detail,"{""material"":""recycled nylon""}"
148,backpacks,technical travel,charcoal,Charcoal Technical Travel Backpacks,backpack_charcoal_technical-travel_ripstop_02.png,/static/img/backpack_charcoal_technical-travel_ripstop_02.png,backpack_charcoal_technical-travel_ripstop_02_detail.png,/static/img/backpack_charcoal_technical-travel_ripstop_02_detail.png,detail,"{""material"":""ripstop""}"
149,backpacks,daypack,olive,Olive Daypack Backpacks,backpack_olive_daypack_waxed-canvas_03.png,/static/img/backpack_olive_daypack_waxed-canvas_03.png,backpack_olive_daypack_waxed-canvas_03_detail.png,/static/img/backpack_olive_daypack_waxed-canvas_03_detail.png,detail,"{""material"":""waxed canvas""}"
150,backpacks,roll top,navy,Navy Roll Top Backpacks,backpack_navy_roll-top_technical-mesh-and-nylon_04.png,/static/img/backpack_navy_roll-top_technical-mesh-and-nylon_04.png,backpack_navy_roll-top_technical-mesh-and-nylon_04_detail.png,/static/img/backpack_navy_roll-top_technical-mesh-and-nylon_04_detail.png,detail,"{""material"":""technical mesh and nylon""}"
151,backpacks,minimalist commuter,sand,Sand Minimalist Commuter Backpacks,backpack_sand_minimalist-commuter_recycled-nylon_05.png,/static/img/backpack_sand_minimalist-commuter_recycled-nylon_05.png,backpack_sand_minimalist-commuter_recycled-nylon_05_detail.png,/static/img/backpack_sand_minimalist-commuter_recycled-nylon_05_detail.png,detail,"{""material"":""recycled nylon""}"
152,backpacks,technical travel,slate,Slate Technical Travel Backpacks,backpack_slate_technical-travel_ripstop_06.png,/static/img/backpack_slate_technical-travel_ripstop_06.png,backpack_slate_technical-travel_ripstop_06_detail.png,/static/img/backpack_slate_technical-travel_ripstop_06_detail.png,detail,"{""material"":""ripstop""}"
153,backpacks,daypack,forest green,Forest Green Daypack Backpacks,backpack_forest-green_daypack_recycled-nylon_07.png,/static/img/backpack_forest-green_daypack_recycled-nylon_07.png,backpack_forest-green_daypack_recycled-nylon_07_detail.png,/static/img/backpack_forest-green_daypack_recycled-nylon_07_detail.png,detail,"{""material"":""recycled nylon""}"
154,backpacks,minimalist commuter,tan,Tan Minimalist Commuter Backpacks,backpack_tan_minimalist-commuter_waxed-canvas_08.png,/static/img/backpack_tan_minimalist-commuter_waxed-canvas_08.png,backpack_tan_minimalist-commuter_waxed-canvas_08_detail.png,/static/img/backpack_tan_minimalist-commuter_waxed-canvas_08_detail.png,detail,"{""material"":""waxed canvas""}"
155,backpacks,roll top,graphite,Graphite Roll Top Backpacks,backpack_graphite_roll-top_ripstop_09.png,/static/img/backpack_graphite_roll-top_ripstop_09.png,backpack_graphite_roll-top_ripstop_09_detail.png,/static/img/backpack_graphite_roll-top_ripstop_09_detail.png,detail,"{""material"":""ripstop""}"
156,backpacks,daypack,burgundy,Burgundy Daypack Backpacks,backpack_burgundy_daypack_recycled-nylon_10.png,/static/img/backpack_burgundy_daypack_recycled-nylon_10.png,backpack_burgundy_daypack_recycled-nylon_10_detail.png,/static/img/backpack_burgundy_daypack_recycled-nylon_10_detail.png,detail,"{""material"":""recycled nylon""}"
157,backpacks,technical travel,stone,Stone Technical Travel Backpacks,backpack_stone_technical-travel_technical-mesh-and-nylon_11.png,/static/img/backpack_stone_technical-travel_technical-mesh-and-nylon_11.png,backpack_stone_technical-travel_technical-mesh-and-nylon_11_detail.png,/static/img/backpack_stone_technical-travel_technical-mesh-and-nylon_11_detail.png,detail,"{""material"":""technical mesh and nylon""}"
158,backpacks,roll top,steel blue,Steel Blue Roll Top Backpacks,backpack_steel-blue_roll-top_ripstop_14.png,/static/img/backpack_steel-blue_roll-top_ripstop_14.png,backpack_steel-blue_roll-top_ripstop_14_detail.png,/static/img/backpack_steel-blue_roll-top_ripstop_14_detail.png,detail,"{""material"":""ripstop""}"
159,sunglasses,rectangular,tortoise,Tortoise Rectangular Sunglasses,sunglasses_tortoise_rectangular_gradient-brown_01.png,/static/img/sunglasses_tortoise_rectangular_gradient-brown_01.png,sunglasses_tortoise_rectangular_gradient-brown_01_detail.png,/static/img/sunglasses_tortoise_rectangular_gradient-brown_01_detail.png,detail,"{""lens"":""gradient brown""}"
160,sunglasses,round,matte black,Matte Black Round Sunglasses,sunglasses_matte-black_round_smoke-gray_02.png,/static/img/sunglasses_matte-black_round_smoke-gray_02.png,sunglasses_matte-black_round_smoke-gray_02_detail.png,/static/img/sunglasses_matte-black_round_smoke-gray_02_detail.png,detail,"{""lens"":""smoke gray""}"
161,sunglasses,aviator,gunmetal,Gunmetal Aviator Sunglasses,sunglasses_gunmetal_aviator_polarized-green_03.png,/static/img/sunglasses_gunmetal_aviator_polarized-green_03.png,sunglasses_gunmetal_aviator_polarized-green_03_detail.png,/static/img/sunglasses_gunmetal_aviator_polarized-green_03_detail.png,detail,"{""lens"":""polarized green""}"
162,sunglasses,wayfarer,clear,Clear Wayfarer Sunglasses,sunglasses_clear_wayfarer_mirrored-silver_04.png,/static/img/sunglasses_clear_wayfarer_mirrored-silver_04.png,sunglasses_clear_wayfarer_mirrored-silver_04_detail.png,/static/img/sunglasses_clear_wayfarer_mirrored-silver_04_detail.png,detail,"{""lens"":""mirrored silver""}"
163,sunglasses,oversized square,brown,Brown Oversized Square Sunglasses,sunglasses_brown_oversized-square_gradient-brown_05.png,/static/img/sunglasses_brown_oversized-square_gradient-brown_05.png,sunglasses_brown_oversized-square_gradient-brown_05_detail.png,/static/img/sunglasses_brown_oversized-square_gradient-brown_05_detail.png,detail,"{""lens"":""gradient brown""}"
164,sunglasses,rimless,matte black,Matte Black Rimless Sunglasses,sunglasses_matte-black_rimless_smoke-gray_06.png,/static/img/sunglasses_matte-black_rimless_smoke-gray_06.png,sunglasses_matte-black_rimless_smoke-gray_06_detail.png,/static/img/sunglasses_matte-black_rimless_smoke-gray_06_detail.png,detail,"{""lens"":""smoke gray""}"
165,sunglasses,round,tortoise,Tortoise Round Sunglasses,sunglasses_tortoise_round_polarized-green_07.png,/static/img/sunglasses_tortoise_round_polarized-green_07.png,sunglasses_tortoise_round_polarized-green_07_detail.png,/static/img/sunglasses_tortoise_round_polarized-green_07_detail.png,detail,"{""lens"":""polarized green""}"
166,sunglasses,rectangular,gunmetal,Gunmetal Rectangular Sunglasses,sunglasses_gunmetal_rectangular_mirrored-silver_08.png,/static/img/sunglasses_gunmetal_rectangular_mirrored-silver_08.png,sunglasses_gunmetal_rectangular_mirrored-silver_08_detail.png,/static/img/sunglasses_gunmetal_rectangular_mirrored-silver_08_detail.png,detail,"{""lens"":""mirrored silver""}"
167,sunglasses,wayfarer,charcoal,Charcoal Wayfarer Sunglasses,sunglasses_charcoal_wayfarer_smoke-gray_09.png,/static/img/sunglasses_charcoal_wayfarer_smoke-gray_09.png,sunglasses_charcoal_wayfarer_smoke-gray_09_detail.png,/static/img/sunglasses_charcoal_wayfarer_smoke-gray_09_detail.png,detail,"{""lens"":""smoke gray""}"
168,sunglasses,aviator,amber,Amber Aviator Sunglasses,sunglasses_amber_aviator_gradient-brown_10.png,/static/img/sunglasses_amber_aviator_gradient-brown_10.png,sunglasses_amber_aviator_gradient-brown_10_detail.png,/static/img/sunglasses_amber_aviator_gradient-brown_10_detail.png,detail,"{""lens"":""gradient brown""}"
169,sunglasses,oversized square,navy,Navy Oversized Square Sunglasses,sunglasses_navy_oversized-square_polarized-green_11.png,/static/img/sunglasses_navy_oversized-square_polarized-green_11.png,sunglasses_navy_oversized-square_polarized-green_11_detail.png,/static/img/sunglasses_navy_oversized-square_polarized-green_11_detail.png,detail,"{""lens"":""polarized green""}"
170,sunglasses,rimless,silver,Silver Rimless Sunglasses,sunglasses_silver_rimless_mirrored-silver_12.png,/static/img/sunglasses_silver_rimless_mirrored-silver_12.png,sunglasses_silver_rimless_mirrored-silver_12_detail.png,/static/img/sunglasses_silver_rimless_mirrored-silver_12_detail.png,detail,"{""lens"":""mirrored silver""}"
171,sunglasses,rectangular,olive,Olive Rectangular Sunglasses,sunglasses_olive_rectangular_smoke-gray_13.png,/static/img/sunglasses_olive_rectangular_smoke-gray_13.png,sunglasses_olive_rectangular_smoke-gray_13_detail.png,/static/img/sunglasses_olive_rectangular_smoke-gray_13_detail.png,detail,"{""lens"":""smoke gray""}"
172,sunglasses,round,cream,Cream Round Sunglasses,sunglasses_cream_round_gradient-brown_14.png,/static/img/sunglasses_cream_round_gradient-brown_14.png,sunglasses_cream_round_gradient-brown_14_detail.png,/static/img/sunglasses_cream_round_gradient-brown_14_detail.png,detail,"{""lens"":""gradient brown""}"
173,accessories,beanie,navy,Navy Beanie Accessories,winter_navy_beanie_recycled-wool_04.png,/static/img/winter_navy_beanie_recycled-wool_04.png,winter_navy_beanie_recycled-wool_04_detail.png,/static/img/winter_navy_beanie_recycled-wool_04_detail.png,detail,"{""fabric"":""recycled wool""}"
174,accessories,scarf,camel,Camel Scarf Accessories,winter_camel_scarf_brushed-alpaca_05.png,/static/img/winter_camel_scarf_brushed-alpaca_05.png,winter_camel_scarf_brushed-alpaca_05_detail.png,/static/img/winter_camel_scarf_brushed-alpaca_05_detail.png,detail,"{""fabric"":""brushed alpaca""}"
175,accessories,beanie,black,Black Beanie Accessories,winter_black_beanie_recycled-wool_09.png,/static/img/winter_black_beanie_recycled-wool_09.png,winter_black_beanie_recycled-wool_09_detail.png,/static/img/winter_black_beanie_recycled-wool_09_detail.png,detail,"{""fabric"":""recycled wool""}"
176,accessories,scarf,deep teal,Deep Teal Scarf Accessories,winter_deep-teal_scarf_merino-wool_10.png,/static/img/winter_deep-teal_scarf_merino-wool_10.png,winter_deep-teal_scarf_merino-wool_10_detail.png,/static/img/winter_deep-teal_scarf_merino-wool_10_detail.png,detail,"{""fabric"":""merino wool""}"
177,accessories,beanie,olive,Olive Beanie Accessories,winter_olive_beanie_cashmere-blend_14.png,/static/img/winter_olive_beanie_cashmere-blend_14.png,winter_olive_beanie_cashmere-blend_14_detail.png,/static/img/winter_olive_beanie_cashmere-blend_14_detail.png,detail,"{""fabric"":""cashmere blend""}"
178,accessories,scarf,wine,Wine Scarf Accessories,winter_wine_scarf_recycled-wool_15.png,/static/img/winter_wine_scarf_recycled-wool_15.png,winter_wine_scarf_recycled-wool_15_detail.png,/static/img/winter_wine_scarf_recycled-wool_15_detail.png,detail,"{""fabric"":""recycled wool""}"
179,accessories,beanie,espresso,Espresso Beanie Accessories,winter_espresso_beanie_merino-wool_19.png,/static/img/winter_espresso_beanie_merino-wool_19.png,winter_espresso_beanie_merino-wool_19_detail.png,/static/img/winter_espresso_beanie_merino-wool_19_detail.png,detail,"{""fabric"":""merino wool""}"
180,accessories,scarf,sage,Sage Scarf Accessories,winter_sage_scarf_cashmere-blend_20.png,/static/img/winter_sage_scarf_cashmere-blend_20.png,winter_sage_scarf_cashmere-blend_20_detail.png,/static/img/winter_sage_scarf_cashmere-blend_20_detail.png,detail,"{""fabric"":""cashmere blend""}"
181,accessories,umbrella,black,Black Umbrella Accessories,travel_compact_black_ripstop-nylon_01.png,/static/img/travel_compact_black_ripstop-nylon_01.png,travel_compact_black_ripstop-nylon_01_detail.png,/static/img/travel_compact_black_ripstop-nylon_01_detail.png,detail,"{""material"":""ripstop nylon""}"
182,accessories,packing-cubes,charcoal,Charcoal Packing Cubes Accessories,travel_set_charcoal_recycled-polyester_02.png,/static/img/travel_set_charcoal_recycled-polyester_02.png,travel_set_charcoal_recycled-polyester_02_detail.png,/static/img/travel_set_charcoal_recycled-polyester_02_detail.png,detail,"{""material"":""recycled polyester""}"
183,accessories,socks,olive,Olive Socks Accessories,travel_merino_olive_merino-wool_03.png,/static/img/travel_merino_olive_merino-wool_03.png,travel_merino_olive_merino-wool_03_detail.png,/static/img/travel_merino_olive_merino-wool_03_detail.png,detail,"{""material"":""merino wool""}"
184,accessories,wallet,navy,Navy Wallet Accessories,travel_leather_navy_full-grain-leather_04.png,/static/img/travel_leather_navy_full-grain-leather_04.png,travel_leather_navy_full-grain-leather_04_detail.png,/static/img/travel_leather_navy_full-grain-leather_04_detail.png,detail,"{""material"":""full grain leather""}"
185,accessories,towel,sand,Sand Towel Accessories,travel_microfiber_sand_microfiber_05.png,/static/img/travel_microfiber_sand_microfiber_05.png,travel_microfiber_sand_microfiber_05_detail.png,/static/img/travel_microfiber_sand_microfiber_05_detail.png,detail,"{""material"":""microfiber""}"
186,accessories,cable-organizer,slate,Slate Cable Organizer Accessories,travel_travel_slate_recycled-polyester_06.png,/static/img/travel_travel_slate_recycled-polyester_06.png,travel_travel_slate_recycled-polyester_06_detail.png,/static/img/travel_travel_slate_recycled-polyester_06_detail.png,detail,"{""material"":""recycled polyester""}"
187,accessories,umbrella,forest green,Forest Green Umbrella Accessories,travel_compact_forest-green_ripstop-nylon_07.png,/static/img/travel_compact_forest-green_ripstop-nylon_07.png,travel_compact_forest-green_ripstop-nylon_07_detail.png,/static/img/travel_compact_forest-green_ripstop-nylon_07_detail.png,detail,"{""material"":""ripstop nylon""}"
188,accessories,packing-cubes,tan,Tan Packing Cubes Accessories,travel_set_tan_recycled-polyester_08.png,/static/img/travel_set_tan_recycled-polyester_08.png,travel_set_tan_recycled-polyester_08_detail.png,/static/img/travel_set_tan_recycled-polyester_08_detail.png,detail,"{""material"":""recycled polyester""}"
189,accessories,socks,graphite,Graphite Socks Accessories,travel_merino_graphite_merino-wool_09.png,/static/img/travel_merino_graphite_merino-wool_09.png,travel_merino_graphite_merino-wool_09_detail.png,/static/img/travel_merino_graphite_merino-wool_09_detail.png,detail,"{""material"":""merino wool""}"
190,accessories,wallet,burgundy,Burgundy Wallet Accessories,travel_leather_burgundy_full-grain-leather_10.png,/static/img/travel_leather_burgundy_full-grain-leather_10.png,travel_leather_burgundy_full-grain-leather_10_detail.png,/static/img/travel_leather_burgundy_full-grain-leather_10_detail.png,detail,"{""material"":""full grain leather""}"
191,accessories,towel,stone,Stone Towel Accessories,travel_microfiber_stone_microfiber_11.png,/static/img/travel_microfiber_stone_microfiber_11.png,travel_microfiber_stone_microfiber_11_detail.png,/static/img/travel_microfiber_stone_microfiber_11_detail.png,detail,"{""material"":""microfiber""}"
192,accessories,cable-organizer,midnight blue,Midnight Blue Cable Organizer Accessories,travel_travel_midnight-blue_recycled-polyester_12.png,/static/img/travel_travel_midnight-blue_recycled-polyester_12.png,travel_travel_midnight-blue_recycled-polyester_12_detail.png,/static/img/travel_travel_midnight-blue_recycled-polyester_12_detail.png,detail,"{""material"":""recycled polyester""}"
193,accessories,umbrella,camel,Camel Umbrella Accessories,travel_compact_camel_ripstop-nylon_13.png,/static/img/travel_compact_camel_ripstop-nylon_13.png,travel_compact_camel_ripstop-nylon_13_detail.png,/static/img/travel_compact_camel_ripstop-nylon_13_detail.png,detail,"{""material"":""ripstop nylon""}"
194,accessories,packing-cubes,steel blue,Steel Blue Packing Cubes Accessories,travel_set_steel-blue_recycled-polyester_14.png,/static/img/travel_set_steel-blue_recycled-polyester_14.png,travel_set_steel-blue_recycled-polyester_14_detail.png,/static/img/travel_set_steel-blue_recycled-polyester_14_detail.png,detail,"{""material"":""recycled polyester""}"
195,accessories,socks,espresso,Espresso Socks Accessories,travel_merino_espresso_merino-wool_15.png,/static/img/travel_merino_espresso_merino-wool_15.png,travel_merino_espresso_merino-wool_15_detail.png,/static/img/travel_merino_espresso_merino-wool_15_detail.png,detail,"{""material"":""merino wool""}"
196,accessories,wallet,sage,Sage Wallet Accessories,travel_leather_sage_full-grain-leather_16.png,/static/img/travel_leather_sage_full-grain-leather_16.png,travel_leather_sage_full-grain-leather_16_detail.png,/static/img/travel_leather_sage_full-grain-leather_16_detail.png,detail,"{""material"":""full grain leather""}"
197,accessories,towel,pewter,Pewter Towel Accessories,travel_microfiber_pewter_microfiber_17.png,/static/img/travel_microfiber_pewter_microfiber_17.png,travel_microfiber_pewter_microfiber_17_detail.png,/static/img/travel_microfiber_pewter_microfiber_17_detail.png,detail,"{""material"":""microfiber""}"
198,accessories,cable-organizer,rust,Rust Cable Organizer Accessories,travel_travel_rust_recycled-polyester_18.png,/static/img/travel_travel_rust_recycled-polyester_18.png,travel_travel_rust_recycled-polyester_18_detail.png,/static/img/travel_travel_rust_recycled-polyester_18_detail.png,detail,"{""material"":""recycled polyester""}"
199,accessories,umbrella,ivory,Ivory Umbrella Accessories,travel_compact_ivory_ripstop-nylon_19.png,/static/img/travel_compact_ivory_ripstop-nylon_19.png,travel_compact_ivory_ripstop-nylon_19_detail.png,/static/img/travel_compact_ivory_ripstop-nylon_19_detail.png,detail,"{""material"":""ripstop nylon""}"
200,accessories,packing-cubes,teal,Teal Packing Cubes Accessories,travel_set_teal_recycled-polyester_20.png,/static/img/travel_set_teal_recycled-polyester_20.png,travel_set_teal_recycled-polyester_20_detail.png,/static/img/travel_set_teal_recycled-polyester_20_detail.png,detail,"{""material"":""recycled polyester""}"
